{"Key":"TestConcurrent-97","Value":1,"Max":10,"Timestamp":1653742233}
{"Key":"TestConcurrent-48","Value":1,"Max":10,"Timestamp":1653742233}
{"Key":"TestConcurrent-65","Value":1,"Max":10,"Timestamp":1653742233}
{"Key":"TestConcurrent-68","Value":1,"Max":10,"Timestamp":1653742233}
{"Key":"TestConcurrent-69","Value":1,"Max":10,"Timestamp":1653742233}
{"Key":"TestConcurrent-7","Value":1,"Max":10,"Timestamp":1653742233}
{"Key":"TestConcurrent-29","Value":1,"Max":10,"Timestamp":1653742233}
{"Key":"TestConcurrent-74","Value":1,"Max":10,"Timestamp":1653742233}
{"Key":"TestConcurrent-82","Value":1,"Max":10,"Timestamp":1653742233}
{"Key":"TestConcurrent-55","Value":1,"Max":10,"Timestamp":1653742233}
{"Key":"TestConcurrent-58","Value":1,"Max":10,"Timestamp":1653742233}
{"Key":"TestConcurrent-63","Value":1,"Max":10,"Timestamp":1653742233}
{"Key":"TestConcurrent-64","Value":1,"Max":10,"Timestamp":1653742233}
{"Key":"TestConcurrent-3","Value":1,"Max":10,"Timestamp":1653742233}
{"Key":"TestConcurrent-17","Value":1,"Max":10,"Timestamp":1653742233}
{"Key":"TestConcurrent-18","Value":1,"Max":10,"Timestamp":1653742233}
{"Key":"TestConcurrent-47","Value":1,"Max":10,"Timestamp":1653742233}
{"Key":"TestConcurrent-94","Value":1,"Max":10,"Timestamp":1653742233}
{"Key":"TestConcurrent-71","Value":1,"Max":10,"Timestamp":1653742233}
{"Key":"TestConcurrent-80","Value":1,"Max":10,"Timestamp":1653742233}
{"Key":"TestConcurrent-90","Value":1,"Max":10,"Timestamp":1653742233}
{"Key":"TestConcurrent-91","Value":1,"Max":10,"Timestamp":1653742233}
{"Key":"TestConcurrent-26","Value":1,"Max":10,"Timestamp":1653742233}
{"Key":"TestConcurrent-33","Value":1,"Max":10,"Timestamp":1653742233}
{"Key":"TestConcurrent-39","Value":1,"Max":10,"Timestamp":1653742233}
{"Key":"TestConcurrent-40","Value":1,"Max":10,"Timestamp":1653742233}
{"Key":"TestConcurrent-6","Value":1,"Max":10,"Timestamp":1653742233}
{"Key":"TestConcurrent-12","Value":1,"Max":10,"Timestamp":1653742233}
{"Key":"TestConcurrent-13","Value":1,"Max":10,"Timestamp":1653742233}
{"Key":"TestConcurrent-16","Value":1,"Max":10,"Timestamp":1653742233}
{"Key":"TestConcurrent-56","Value":1,"Max":10,"Timestamp":1653742233}
{"Key":"TestConcurrent-98","Value":1,"Max":10,"Timestamp":1653742233}
{"Key":"TestConcurrent-36","Value":1,"Max":10,"Timestamp":1653742233}
{"Key":"TestConcurrent-37","Value":1,"Max":10,"Timestamp":1653742233}
{"Key":"TestConcurrent-43","Value":1,"Max":10,"Timestamp":1653742233}
{"Key":"TestConcurrent-50","Value":1,"Max":10,"Timestamp":1653742233}
{"Key":"TestConcurrent-1","Value":1,"Max":10,"Timestamp":1653742233}
{"Key":"TestConcurrent-2","Value":1,"Max":10,"Timestamp":1653742233}
{"Key":"TestConcurrent-15","Value":1,"Max":10,"Timestamp":1653742233}
{"Key":"TestConcurrent-20","Value":1,"Max":10,"Timestamp":1653742233}
{"Key":"TestConcurrent-81","Value":1,"Max":10,"Timestamp":1653742233}
{"Key":"TestConcurrent-52","Value":1,"Max":10,"Timestamp":1653742233}
{"Key":"TestConcurrent-89","Value":1,"Max":10,"Timestamp":1653742233}
{"Key":"TestConcurrent-96","Value":1,"Max":10,"Timestamp":1653742233}
{"Key":"TestConcurrent-8","Value":1,"Max":10,"Timestamp":1653742233}
{"Key":"TestConcurrent-14","Value":1,"Max":10,"Timestamp":1653742233}
{"Key":"TestConcurrent-44","Value":1,"Max":10,"Timestamp":1653742233}
{"Key":"TestConcurrent-51","Value":1,"Max":10,"Timestamp":1653742233}
{"Key":"TestConcurrent-10","Value":1,"Max":10,"Timestamp":1653742233}
{"Key":"TestConcurrent-85","Value":1,"Max":10,"Timestamp":1653742233}
{"Key":"TestConcurrent-95","Value":1,"Max":10,"Timestamp":1653742233}
{"Key":"TestConcurrent-0","Value":1,"Max":10,"Timestamp":1653742233}
{"Key":"TestConcurrent-24","Value":1,"Max":10,"Timestamp":1653742233}
{"Key":"TestConcurrent-28","Value":1,"Max":10,"Timestamp":1653742233}
{"Key":"TestConcurrent-88","Value":1,"Max":10,"Timestamp":1653742233}
{"Key":"TestConcurrent-4","Value":1,"Max":10,"Timestamp":1653742233}
{"Key":"TestConcurrent-19","Value":1,"Max":10,"Timestamp":1653742233}
{"Key":"TestConcurrent-60","Value":1,"Max":10,"Timestamp":1653742233}
{"Key":"TestConcurrent-31","Value":1,"Max":10,"Timestamp":1653742233}
{"Key":"TestConcurrent-72","Value":1,"Max":10,"Timestamp":1653742233}
{"Key":"TestConcurrent-73","Value":1,"Max":10,"Timestamp":1653742233}
{"Key":"TestConcurrent-83","Value":1,"Max":10,"Timestamp":1653742233}
{"Key":"TestConcurrent-49","Value":1,"Max":10,"Timestamp":1653742233}
{"Key":"TestConcurrent-21","Value":1,"Max":10,"Timestamp":1653742233}
{"Key":"TestConcurrent-23","Value":1,"Max":10,"Timestamp":1653742233}
{"Key":"TestConcurrent-27","Value":1,"Max":10,"Timestamp":1653742233}
{"Key":"TestConcurrent-87","Value":1,"Max":10,"Timestamp":1653742233}
{"Key":"TestConcurrent-54","Value":1,"Max":10,"Timestamp":1653742233}
{"Key":"TestConcurrent-62","Value":1,"Max":10,"Timestamp":1653742233}
{"Key":"TestConcurrent-79","Value":1,"Max":10,"Timestamp":1653742233}
{"Key":"TestConcurrent-22","Value":1,"Max":10,"Timestamp":1653742233}
{"Key":"TestConcurrent-32","Value":1,"Max":10,"Timestamp":1653742233}
{"Key":"TestConcurrent-35","Value":1,"Max":10,"Timestamp":1653742233}
{"Key":"TestConcurrent-41","Value":1,"Max":10,"Timestamp":1653742233}
{"Key":"TestConcurrent-5","Value":1,"Max":10,"Timestamp":1653742233}
{"Key":"TestConcurrent-77","Value":1,"Max":10,"Timestamp":1653742233}
{"Key":"TestConcurrent-93","Value":1,"Max":10,"Timestamp":1653742233}
{"Key":"TestConcurrent-99","Value":1,"Max":10,"Timestamp":1653742233}
{"Key":"TestConcurrent-38","Value":1,"Max":10,"Timestamp":1653742233}
{"Key":"TestConcurrent-53","Value":1,"Max":10,"Timestamp":1653742233}
{"Key":"TestConcurrent-86","Value":1,"Max":10,"Timestamp":1653742233}
{"Key":"TestConcurrent-46","Value":1,"Max":10,"Timestamp":1653742233}
{"Key":"TestConcurrent-57","Value":1,"Max":10,"Timestamp":1653742233}
{"Key":"TestConcurrent-66","Value":1,"Max":10,"Timestamp":1653742233}
{"Key":"TestConcurrent-75","Value":1,"Max":10,"Timestamp":1653742233}
{"Key":"TestConcurrent-30","Value":1,"Max":10,"Timestamp":1653742233}
{"Key":"TestConcurrent-34","Value":1,"Max":10,"Timestamp":1653742233}
{"Key":"TestConcurrent-42","Value":1,"Max":10,"Timestamp":1653742233}
{"Key":"TestConcurrent-45","Value":1,"Max":10,"Timestamp":1653742233}
{"Key":"TestConcurrent-92","Value":1,"Max":10,"Timestamp":1653742233}
{"Key":"TestConcurrent-76","Value":1,"Max":10,"Timestamp":1653742233}
{"Key":"TestConcurrent-78","Value":1,"Max":10,"Timestamp":1653742233}
{"Key":"TestConcurrent-84","Value":1,"Max":10,"Timestamp":1653742233}
{"Key":"TestConcurrent-25","Value":1,"Max":10,"Timestamp":1653742233}
{"Key":"TestConcurrent-59","Value":1,"Max":10,"Timestamp":1653742233}
{"Key":"TestConcurrent-61","Value":1,"Max":10,"Timestamp":1653742233}
{"Key":"TestConcurrent-67","Value":1,"Max":10,"Timestamp":1653742233}
{"Key":"TestConcurrent-9","Value":1,"Max":10,"Timestamp":1653742233}
{"Key":"TestConcurrent-11","Value":1,"Max":10,"Timestamp":1653742233}
{"Key":"TestConcurrent-0","Value":1,"Max":10,"Timestamp":1653742233}
